{"cameraMode":{"drawMode":0,"name":"Shaded","section":"Shading Mode"},"sceneLighting":false,"audioPlay":false,"sceneViewState":{"m_AlwaysRefresh":false,"showFog":true,"showSkybox":false,"showFlares":true,"showImageEffects":true,"showParticleSystems":true,"showVisualEffectGraphs":true,"m_FxEnabled":true},"in2DMode":false,"pivot":{"x":-43.36695098876953,"y":3.3732986450195314,"z":0.09191936999559403},"rotation":{"x":-0.011150122620165348,"y":-0.5450896620750427,"z":-0.007049372419714928,"w":0.838120698928833},"size":2.0886058807373049,"orthographic":false}