{"cameraMode":{"drawMode":0,"name":"Shaded","section":"Shading Mode"},"sceneLighting":false,"audioPlay":false,"sceneViewState":{"m_AlwaysRefresh":false,"showFog":true,"showSkybox":false,"showFlares":true,"showImageEffects":true,"showParticleSystems":true,"showVisualEffectGraphs":true,"m_FxEnabled":true},"in2DMode":false,"pivot":{"x":204.52000427246095,"y":1.7349097728729249,"z":224.2481231689453},"rotation":{"x":0.09645764529705048,"y":0.6578390002250671,"z":-0.08547379821538925,"w":0.7413627505302429},"size":3.0164120197296144,"orthographic":false}