{"cameraMode":{"drawMode":0,"name":"Shaded","section":"Shading Mode"},"sceneLighting":false,"audioPlay":false,"sceneViewState":{"m_AlwaysRefresh":false,"showFog":true,"showSkybox":false,"showFlares":true,"showImageEffects":true,"showParticleSystems":true,"showVisualEffectGraphs":true,"m_FxEnabled":true},"in2DMode":false,"pivot":{"x":210.1199951171875,"y":1.9099996089935303,"z":225.94998168945313},"rotation":{"x":-0.07901029288768769,"y":-0.6121528148651123,"z":0.06465639919042587,"w":-0.7834086418151856},"size":3.7366414070129396,"orthographic":false}