{"cameraMode":{"drawMode":0,"name":"Shaded","section":"Shading Mode"},"sceneLighting":false,"audioPlay":false,"sceneViewState":{"m_AlwaysRefresh":false,"showFog":true,"showSkybox":false,"showFlares":true,"showImageEffects":true,"showParticleSystems":true,"showVisualEffectGraphs":true,"m_FxEnabled":true},"in2DMode":false,"pivot":{"x":208.2478790283203,"y":2.5221922397613527,"z":240.97499084472657},"rotation":{"x":0.09645764529705048,"y":0.6578390002250671,"z":-0.08547379821538925,"w":0.7413627505302429},"size":1.5208948850631714,"orthographic":false}