{"cameraMode":{"drawMode":0,"name":"Shaded","section":"Shading Mode"},"sceneLighting":false,"audioPlay":false,"sceneViewState":{"m_AlwaysRefresh":false,"showFog":true,"showSkybox":false,"showFlares":true,"showImageEffects":true,"showParticleSystems":true,"showVisualEffectGraphs":true,"m_FxEnabled":true},"in2DMode":false,"pivot":{"x":-19.999568939208986,"y":-0.3124999403953552,"z":10.000968933105469},"rotation":{"x":-0.3504874110221863,"y":-0.03824612498283386,"z":0.017679229378700258,"w":-0.9349285364151001},"size":7.077969551086426,"orthographic":false}