{"cameraMode":{"drawMode":0,"name":"Shaded","section":"Shading Mode"},"sceneLighting":true,"audioPlay":false,"sceneViewState":{"m_AlwaysRefresh":false,"showFog":true,"showSkybox":true,"showFlares":true,"showImageEffects":true,"showParticleSystems":true,"showVisualEffectGraphs":true,"m_FxEnabled":true},"in2DMode":false,"pivot":{"x":-8.219708442687989,"y":5.332492351531982,"z":-2.732706069946289},"rotation":{"x":-0.09464430063962937,"y":-0.01700461283326149,"z":0.0016544079408049584,"w":-0.9952826499938965},"size":15.661561965942383,"orthographic":false}