{"cameraMode":{"drawMode":0,"name":"Shaded","section":"Shading Mode"},"sceneLighting":true,"audioPlay":false,"sceneViewState":{"m_AlwaysRefresh":false,"showFog":true,"showSkybox":true,"showFlares":true,"showImageEffects":true,"showParticleSystems":true,"showVisualEffectGraphs":true,"m_FxEnabled":true},"in2DMode":false,"pivot":{"x":-1.2315226793289185,"y":-66.58348846435547,"z":132.28013610839845},"rotation":{"x":-0.24217407405376435,"y":0.03273230046033859,"z":-0.004779780749231577,"w":-0.9689869284629822},"size":83.7164535522461,"orthographic":false}