{"cameraMode":{"drawMode":0,"name":"Shaded","section":"Shading Mode"},"sceneLighting":true,"audioPlay":false,"sceneViewState":{"m_AlwaysRefresh":false,"showFog":true,"showSkybox":true,"showFlares":true,"showImageEffects":true,"showParticleSystems":true,"showVisualEffectGraphs":true,"m_FxEnabled":true},"in2DMode":false,"pivot":{"x":204.26968383789063,"y":-5.751296520233154,"z":215.66116333007813},"rotation":{"x":0.08717062324285507,"y":-0.02115602418780327,"z":-0.00033096724655479193,"w":0.9954110383987427},"size":2.0886058807373049,"orthographic":false}