{"cameraMode":{"drawMode":0,"name":"Shaded","section":"Shading Mode"},"sceneLighting":true,"audioPlay":false,"sceneViewState":{"m_AlwaysRefresh":false,"showFog":true,"showSkybox":true,"showFlares":true,"showImageEffects":true,"showParticleSystems":true,"showVisualEffectGraphs":true,"m_FxEnabled":true},"in2DMode":false,"pivot":{"x":205.9733428955078,"y":-5.622376441955566,"z":232.92568969726563},"rotation":{"x":0.060200732201337817,"y":0.035680871456861499,"z":-0.002107196254655719,"w":0.9970365166664124},"size":12.12435531616211,"orthographic":false}